Order,Unique_ID,country,leader,party,lr,president,term,startofterm,yearbegin,endofterm,yearend,totalaverage,wb_region,region,country_yearbegin,country_yearend,speech_category,year span,time sequence,First year,Total years
1,Argentina_Fernando de la RÃºa_1_1999_2001,Argentina,Fernando de la RÃºa,Radical Civic Union,0,1,1,10-Dec-99,1999,21-Dec-01,2001,0.175,Latin America & Caribbean,Latin America & Caribbean,1946,2019,Not populist,1999-2001,1,1999,20
17,Argentina_Eduardo Duhalde_1_2002_2003,Argentina,Eduardo Duhalde,Justicialist Party,0,1,1,02-Jan-02,2002,25-May-03,2003,0.533333333,Latin America & Caribbean,Latin America & Caribbean,1946,2019,Somewhat populist,2002-2003,2,1999,20
33,Argentina_Kirchner_1_2003_2007,Argentina,Kirchner,Front for Victory,-1,1,1,25-May-03,2003,10-Dec-07,2007,0.25,Latin America & Caribbean,Latin America & Caribbean,1946,2019,Not populist,2003-2007,3,1999,20
49,Argentina_Cristina FernÃ¡ndez_1_2008_2015,Argentina,Cristina FernÃ¡ndez,Front for Victory,-1,1,1,10-Dec-07,2008,09-Dec-15,2015,0,Latin America & Caribbean,Latin America & Caribbean,1946,2019,Not populist,2008-2015,4,1999,20
65,Argentina_Mauricio Macri_1_2016_NA,Argentina,Mauricio Macri,Republican Proposal,1,1,1,10-Dec-15,2016,,2019,0.0375,Latin America & Caribbean,Latin America & Caribbean,1946,2019,Not populist,2016-2019,5,1999,20
81,Armenia_Kocharyan _1_1998_2003,Armenia,Kocharyan,Independent,1,1,1,09-Apr-98,1998,09-Apr-03,2003,0,Europe & Central Asia,Central Asia,1998,2018,Not populist,1998-2003,1,1998,20
97,Armenia_Kocharyan _2_2003_2008,Armenia,Kocharyan,Independent,1,1,2,09-Apr-03,2003,09-Apr-08,2008,0,Europe & Central Asia,Central Asia,1998,2018,Not populist,2003-2008,2,1998,20
113,Armenia_Serzh Azati Sargsyan_1_2008_2013,Armenia,Serzh Azati Sargsyan,Republican Party of Armenia,1,1,1,09-Apr-08,2008,09-Apr-13,2013,0.75,Europe & Central Asia,Central Asia,1998,2018,Somewhat populist,2008-2013,3,1998,20
129,Armenia_Serzh Azati Sargsyan_2_2013_2018,Armenia,Serzh Azati Sargsyan,Republican Party of Armenia,1,1,2,09-Apr-13,2013,09-Apr-18,2018,0.2,Europe & Central Asia,Central Asia,1998,2018,Not populist,2013-2018,4,1998,20
145,Austria_Wolfgang SchÃ¼ssel_1_2000_2003,Austria,Wolfgang SchÃ¼ssel,Austrian People's Party,1,0,1,04-Feb-00,2000,28-Feb-03,2003,0.133333333,Europe & Central Asia,Western Europe,2000,2019,Not populist,2000-2003,1,2000,19
161,Austria_Wolfgang SchÃ¼ssel_2_2003_2007,Austria,Wolfgang SchÃ¼ssel,Austrian People's Party,1,0,2,28-Feb-03,2003,11-Jan-07,2007,0,Europe & Central Asia,Western Europe,2000,2019,Not populist,2003-2007,2,2000,19
177,Austria_Alfred Gusenbauer_1_2007_2008,Austria,Alfred Gusenbauer,Social Democratic Party of Austria,-1,0,1,11-Jan-07,2007,02-Dec-08,2008,0.2875,Europe & Central Asia,Western Europe,2000,2019,Not populist,2007-2008,3,2000,19
193,Austria_Faymann _1_2009_2013,Austria,Faymann,Social Democratic Party of Austria,-1,0,1,02-Dec-08,2009,16-Dec-13,2013,0.1,Europe & Central Asia,Western Europe,2000,2019,NA,2009-2013,4,2000,19
209,Austria_Faymann _2_2014_2016,Austria,Faymann,Social Democratic Party of Austria,-1,0,2,16-Dec-13,2014,09-May-16,2016,0.1,Europe & Central Asia,Western Europe,2000,2019,NA,2014-2016,5,2000,19
225,Austria_Kern_1_2016_2017,Austria,Kern,Social Democratic Party of Austria,-1,0,1,09-May-16,2016,19-Dec-17,2017,0.275,Europe & Central Asia,Western Europe,2000,2019,Not populist,2016-2017,6,2000,19
241,Austria_Sebastian Kurz_1_2017_NA,Austria,Sebastian Kurz,Austrian People's Party,1,0,1,19-Dec-17,2017,,2019,0.075,Europe & Central Asia,Western Europe,2000,2019,Not populist,2017-2019,7,2000,19
257,Belarus_Alexander Lukashenko_2_2001_2006,Belarus,Alexander Lukashenko,Independent,0,1,2,09-Sep-01,2001,08-Apr-06,2006,1.5,Europe & Central Asia,Central and Eastern Europe,2001,2018,Very Populist,2001-2006,1,2001,17
273,Belarus_Alexander Lukashenko_3_2006_2010,Belarus,Alexander Lukashenko,Independent,0,1,3,08-Apr-06,2006,21-Jan-11,2010,1.25,Europe & Central Asia,Central and Eastern Europe,2001,2018,Populist,2006-2010,2,2001,17
289,Belarus_Alexander Lukashenko_4_2011_2015,Belarus,Alexander Lukashenko,Independent,0,1,4,21-Jan-11,2011,06-Nov-15,2015,0.75,Europe & Central Asia,Central and Eastern Europe,2001,2018,Somewhat populist,2011-2015,3,2001,17
305,Belarus_Alexander Lukashenko_4_2016_2018,Belarus,Alexander Lukashenko,Independent,0,1,4,06-Nov-15,2016,,2018,0.4,Europe & Central Asia,Central and Eastern Europe,2001,2018,Not populist,2016-2018,4,2001,17
321,Bolivia_Gonzalo SÃ¡nchez de Lozada_2_2002_2003,Bolivia,Gonzalo SÃ¡nchez de Lozada,Revolutionary Nationalist Movement,0,1,2,06-Aug-02,2002,17-Oct-03,2003,0.225,Latin America & Caribbean,Latin America & Caribbean,2002,2019,Not populist,2002-2003,1,2002,17
337,Bolivia_Mesa_1_2003_2005,Bolivia,Mesa,Independent,0,1,1,17-Oct-03,2003,06-Jun-05,2005,0.125,Latin America & Caribbean,Latin America & Caribbean,2002,2019,Not populist,2003-2005,2,2002,17
353,Bolivia_Morales_1_2006_2009,Bolivia,Morales,Movement for Socialism,-1,1,1,22-Jan-06,2006,23-Jan-10,2009,1.5,Latin America & Caribbean,Latin America & Caribbean,2002,2019,Very Populist,2006-2009,3,2002,17
369,Bolivia_Evo Morales_2_2010_2014,Bolivia,Evo Morales,Movement for Socialism,-1,1,2,23-Jan-10,2010,23-Jan-15,2014,1,Latin America & Caribbean,Latin America & Caribbean,2002,2019,Populist,2010-2014,4,2002,17
385,Bolivia_Evo Morales_3_2015_NA,Bolivia,Evo Morales,Movement for Socialism,-1,1,3,23-Jan-15,2015,,2019,1.4625,Latin America & Caribbean,Latin America & Caribbean,2002,2019,Populist,2015-2019,5,2002,17
401,Brazil_Fernando Henrique Cardoso_2_1999_2002,Brazil,Fernando Henrique Cardoso,Brazilian Social Democratic Party,0,1,2,02-Jan-99,1999,31-Dec-02,2002,0,Latin America & Caribbean,Latin America & Caribbean,1934,2019,Not populist,1999-2002,1,1999,20
417,Brazil_Lula_1_2003_2010,Brazil,Lula,Workers' Party,-1,1,1,01-Jan-03,2003,31-Dec-10,2010,0.25,Latin America & Caribbean,Latin America & Caribbean,1934,2019,Not populist,2003-2010,2,1999,20
433,Brazil_Dilma Rousseff_1_2011_2014,Brazil,Dilma Rousseff,Workers' Party,-1,1,1,01-Jan-11,2011,31-Dec-14,2014,0,Latin America & Caribbean,Latin America & Caribbean,1934,2019,Not populist,2011-2014,3,1999,20
449,Brazil_Dilma Rousseff_2_2015_2016,Brazil,Dilma Rousseff,Workers' Party,-1,1,2,01-Jan-15,2015,31-Aug-16,2016,0.3375,Latin America & Caribbean,Latin America & Caribbean,1934,2019,Not populist,2015-2016,4,1999,20
465,Brazil_Michel Temer_1_2016_NA,Brazil,Michel Temer,Brazilian Democratic Movement Party,0,1,1,31-Aug-16,2016,,2019,0,Latin America & Caribbean,Latin America & Caribbean,1934,2019,Not populist,2016-2019,5,1999,20
481,Bulgaria_Simeon_1_2001_2005,Bulgaria,Simeon,National Movement for Stability and Progress,0,0,1,24-Jul-01,2001,17-Aug-05,2005,0.125,Europe & Central Asia,Central and Eastern Europe,2001,2018,Not populist,2001-2005,1,2001,17
497,Bulgaria_Stanishev_1_2005_2009,Bulgaria,Stanishev,Bulgarian Socialist Party,-1,0,1,17-Aug-05,2005,27-Jul-09,2009,0.083333333,Europe & Central Asia,Central and Eastern Europe,2001,2018,Not populist,2005-2009,2,2001,17
513,Bulgaria_Boyko Borisov_1_2009_2013,Bulgaria,Boyko Borisov,Citizens for European Development of Bulgaria,0,0,1,27-Jul-09,2009,13-Mar-13,2013,0.625,Europe & Central Asia,Central and Eastern Europe,2001,2018,Somewhat populist,2009-2013,3,2001,17
529,Bulgaria_Boyko Borisov_2_2014_2017,Bulgaria,Boyko Borisov,Citizens for European Development of Bulgaria,0,0,2,07-Nov-14,2014,27-Jan-17,2017,0.155555556,Europe & Central Asia,Central and Eastern Europe,2001,2018,Not populist,2014-2017,4,2001,17
545,Bulgaria_Boyko Borisov_3_2017_2018,Bulgaria,Boyko Borisov,Citizens for European Development of Bulgaria,0,0,3,04-May-17,2017,,2018,0.133333333,Europe & Central Asia,Central and Eastern Europe,2001,2018,Not populist,2017-2018,5,2001,17
561,Canada_Jean ChrÃ©tien_3_2001_2003,Canada,Jean ChrÃ©tien,Liberal Party,0,0,3,Jan-29-01,2001,12-Dec-03,2003,0.025,North America,North America,2001,2019,Not populist,2001-2003,1,2001,18
577,Canada_Paul Martin_1_2004_2005,Canada,Paul Martin,Liberal Party,0,0,1,12-Dec-03,2004,06-Feb-06,2005,0.25,North America,North America,2001,2019,Not populist,2004-2005,2,2001,18
593,Canada_Stephen Harper_1_2006_2008,Canada,Stephen Harper,Conservative Party,1,0,1,06-Feb-06,2006,14-Oct-08,2008,0.25,North America,North America,2001,2019,Not populist,2006-2008,3,2001,18
609,Canada_Stephen Harper_2_2008_2011,Canada,Stephen Harper,Conservative Party,1,0,2,14-Oct-08,2008,2-May-11,2011,0.1875,North America,North America,2001,2019,Not populist,2008-2011,4,2001,18
625,Canada_Stephen Harper_3_2011_2015,Canada,Stephen Harper,Conservative Party,1,0,3,2-May-11,2011,04-Nov-15,2015,0.225,North America,North America,2001,2019,Not populist,2011-2015,5,2001,18
641,Canada_Justin Trudeau_1_2015_NA,Canada,Justin Trudeau,Liberal Party,0,0,1,04-Nov-15,2015,,2019,0.1125,North America,North America,2001,2019,Not populist,2015-2019,6,2001,18
657,Chile_Lagos_1_2000_2006,Chile,Lagos,Party for Democracy,-1,1,1,11-Mar-00,2000,11-Mar-06,2006,0.083333333,Latin America & Caribbean,Latin America & Caribbean,2000,2019,Not populist,2000-2006,1,2000,19
673,Chile_Michelle Bachelet_1_2006_2010,Chile,Michelle Bachelet,Socialist Party of Chile,-1,1,1,11-Mar-06,2006,11-Mar-10,2010,0,Latin America & Caribbean,Latin America & Caribbean,2000,2019,Not populist,2006-2010,2,2000,19
689,Chile_SebastiÃ¡n PiÃ±era_1_2010_2014,Chile,SebastiÃ¡n PiÃ±era,National Renewal,1,1,1,11-Mar-10,2010,11-Mar-14,2014,0,Latin America & Caribbean,Latin America & Caribbean,2000,2019,Not populist,2010-2014,3,2000,19
705,Chile_Michelle Bachelet_2_2014_2018,Chile,Michelle Bachelet,Socialist Party of Chile,-1,1,2,11-Mar-14,2014,11-Mar-18,2018,0.2125,Latin America & Caribbean,Latin America & Caribbean,2000,2019,Not populist,2014-2018,4,2000,19
721,Chile_SebastiÃ¡n PiÃ±era_2_2018_NA,Chile,SebastiÃ¡n PiÃ±era,National Renewal,1,1,2,11-Mar-18,2018,,2019,0.15,Latin America & Caribbean,Latin America & Caribbean,2000,2019,Not populist,2018-2019,5,2000,19
737,Colombia_AndrÃ©s Pastrana_1_1998_2002,Colombia,AndrÃ©s Pastrana,Colombian Conservative Party,1,1,1,07-Aug-98,1998,07-Aug-02,2002,0.025,Latin America & Caribbean,Latin America & Caribbean,1998,2018,Not populist,1998-2002,1,1998,20
753,Colombia_Uribe_1_2002_2010,Colombia,Uribe,Social National Unity Party,1,1,1,07-Aug-02,2002,07-Aug-10,2010,0,Latin America & Caribbean,Latin America & Caribbean,1998,2018,Not populist,2002-2010,2,1998,20
769,Colombia_Juan Manuel Santos_1_2010_2014,Colombia,Juan Manuel Santos,Social National Unity Party,0,1,1,07-Aug-10,2010,07-Aug-14,2014,0,Latin America & Caribbean,Latin America & Caribbean,1998,2018,Not populist,2010-2014,3,1998,20
785,Colombia_Juan Manuel Santos_2_2014_2018,Colombia,Juan Manuel Santos,Social National Unity Party,0,1,2,07-Aug-14,2014,07-Aug-18,2018,0.0625,Latin America & Caribbean,Latin America & Caribbean,1998,2018,Not populist,2014-2018,4,1998,20
801,Costa Rica_Miguel Ãngel RodrÃ­guez_1_1998_2002,Costa Rica,Miguel Ãngel RodrÃ­guez,Social Christian Unity Party,1,1,1,08-May-98,1998,08-May-02,2002,0.083333333,Latin America & Caribbean,Latin America & Caribbean,1998,2019,Not populist,1998-2002,1,1998,21
817,Costa Rica_Abel Pacheco_1_2002_2006,Costa Rica,Abel Pacheco,Social Christian Unity Party,1,1,1,08-May-02,2002,08-May-06,2006,0.222222222,Latin America & Caribbean,Latin America & Caribbean,1998,2019,Not populist,2002-2006,2,1998,21
833,Costa Rica_Ã“scar Arias_2_2006_2010,Costa Rica,Ã“scar Arias,National Liberation Party,0,1,2,08-May-06,2006,08-May-10,2010,0,Latin America & Caribbean,Latin America & Caribbean,1998,2019,Not populist,2006-2010,3,1998,21
849,Costa Rica_Laura Chinchilla Miranda_1_2010_2014,Costa Rica,Laura Chinchilla Miranda,National Liberation Party,0,1,1,08-May-10,2010,08-May-14,2014,0,Latin America & Caribbean,Latin America & Caribbean,1998,2019,Not populist,2010-2014,4,1998,21
865,Costa Rica_Luis Guillermo Solis_1_2018_NA,Costa Rica,Luis Guillermo Solis,Citizens' Action Party,-1,1,1,08-May-18,2018,,2019,0.4,Latin America & Caribbean,Latin America & Caribbean,1998,2019,Not populist,2018-2019,5,1998,21
881,Croatia_Racan_1_2000_2003,Croatia,Racan,Social Democratic Party of Croatia,-1,0,1,27-Jan-00,2000,23-Dec-03,2003,0,Europe & Central Asia,Central and Eastern Europe,1990,2018,Not populist,2000-2003,1,2000,18
897,Croatia_Sanader_1_2003_2009,Croatia,Sanader,Croatian Democratic Union,1,0,1,23-Dec-03,2003,06-Jul-09,2009,0.5,Europe & Central Asia,Central and Eastern Europe,1990,2018,Somewhat populist,2003-2009,2,2000,18
913,Croatia_Milanovic_1_2011_2016,Croatia,Milanovic,Social Democratic Party of Croatia,-1,0,1,23-Dec-11,2011,22-Jan-16,2016,0.175,Europe & Central Asia,Central and Eastern Europe,1990,2018,Not populist,2011-2016,3,2000,18
929,Croatia_Plenkovic_1_2016_2018,Croatia,Plenkovic,Croatian Democratic Union,1,0,1,19-Oct-16,2016,,2018,0,Europe & Central Asia,Central and Eastern Europe,1990,2018,Not populist,2016-2018,4,2000,18
945,Czech Republic_Milos Zeman_1_1998_2002,Czech Republic,Milos Zeman,Czech Social Democratic Party,-1,0,1,22-Jul-98,1998,15-Jul-02,2002,0,Europe & Central Asia,Central and Eastern Europe,1998,2017,Not populist,1998-2002,1,1998,19
977,Czech Republic_Mirek Topolanek_1_2006_2009,Czech Republic,Mirek Topolanek,Civic Democratic Party,1,0,1,04-Sep-06,2006,08-May-09,2009,1,Europe & Central Asia,Central and Eastern Europe,1998,2017,Populist,2006-2009,2,1998,19
1009,Czech Republic_Petr Necas_1_2010_2013,Czech Republic,Petr Necas,Civic Democratic Party,1,0,1,28-Jun-10,2010,10-Jul-13,2013,0.125,Europe & Central Asia,Central and Eastern Europe,1998,2017,Not populist,2010-2013,3,1998,19
1041,Czech Republic_Bohuslav Sobotka_1_2014_2017,Czech Republic,Bohuslav Sobotka,Czech Social Democratic Party,-1,0,1,17-Jan-14,2014,13-Dec-17,2017,0,Europe & Central Asia,Central and Eastern Europe,1998,2017,Not populist,2013-2017,4,1998,19
1057,Dominican Republic_HipÃ³lito MejÃ­a_1_2000_2004,Dominican Republic,HipÃ³lito MejÃ­a,Dominican Revolutionary Party,0,1,1,16-Aug-00,2000,16-Aug-04,2004,0.075,Latin America & Caribbean,Latin America & Caribbean,2000,2019,Not populist,2000-2004,1,2000,19
1073,Dominican Republic_Leonel FernÃ¡ndez_2_2004_2008,Dominican Republic,Leonel FernÃ¡ndez,Dominican Liberation Party,1,1,2,16-Aug-04,2004,16-Aug-08,2008,0.25,Latin America & Caribbean,Latin America & Caribbean,2000,2019,Not populist,2004-2008,2,2000,19
1089,Dominican Republic_Leonel FernÃ¡ndez_3_2008_2012,Dominican Republic,Leonel FernÃ¡ndez,Dominican Liberation Party,1,1,3,16-Aug-08,2008,16-Aug-12,2012,0.25,Latin America & Caribbean,Latin America & Caribbean,2000,2019,Not populist,2008-2012,3,2000,19
1105,Dominican Republic_Danilo Medina_1_2012_2016,Dominican Republic,Danilo Medina,Dominican Liberation Party,1,1,1,16-Aug-12,2012,16-Aug-16,2016,0.175,Latin America & Caribbean,Latin America & Caribbean,2000,2019,Not populist,2012-2016,4,2000,19
1121,Dominican Republic_Danilo Medina_2_2016_NA,Dominican Republic,Danilo Medina,Dominican Liberation Party,1,1,2,16-Aug-16,2016,,2019,0.375,Latin America & Caribbean,Latin America & Caribbean,2000,2019,Not populist,2016-2019,5,2000,19
1137,Ecuador_Gustavo Noboa_1_2000_2002,Ecuador,Gustavo Noboa,Christian Democratic Union,0,1,1,22-Jan-00,2000,15-Feb-72,2002,0.233333333,Latin America & Caribbean,Latin America & Caribbean,1968,2019,Not populist,2000-2002,1,2000,19
1153,Ecuador_Lucio GutiÃ©rrez_1_2003_2005,Ecuador,Lucio GutiÃ©rrez,January 21Patriotic Society,0,1,1,15-Jan-03,2003,20-Apr-05,2005,0.966666667,Latin America & Caribbean,Latin America & Caribbean,1968,2019,Somewhat populist,2003-2005,2,2000,19
1169,Ecuador_Alfredo Palacio_1_2005_2006,Ecuador,Alfredo Palacio,Independent,0,1,1,20-Apr-05,2005,15-Jan-07,2006,0.388888889,Latin America & Caribbean,Latin America & Caribbean,1968,2019,Not populist,2005-2006,3,2000,19
1185,Ecuador_Rafael Correa_1_2007_2009,Ecuador,Rafael Correa,Proud and Sovereign Fatherland Alliance,-1,1,1,15-Jan-07,2007,10-Aug-09,2009,1.25,Latin America & Caribbean,Latin America & Caribbean,1968,2019,Populist,2007-2009,4,2000,19
1201,Ecuador_Rafael Correa_2_2009_2013,Ecuador,Rafael Correa,Proud and Sovereign Fatherland Alliance,-1,1,2,10-Aug-09,2009,22-Mar-13,2013,1.733333333,Latin America & Caribbean,Latin America & Caribbean,1968,2019,Very Populist,2009-2013,5,2000,19
1217,Ecuador_Rafael Correa_3_2013_2017,Ecuador,Rafael Correa,Proud and Sovereign Fatherland Alliance,-1,1,3,22-Mar-13,2013,24-May-17,2017,1.525,Latin America & Caribbean,Latin America & Caribbean,1968,2019,Very Populist,2013-2017,6,2000,19
1233,Ecuador_LenÃ­n Moreno_1_2017_NA,Ecuador,LenÃ­n Moreno,Proud and Sovereign Fatherland Alliance,-1,1,1,24-May-17,2017,,2019,0.1875,Latin America & Caribbean,Latin America & Caribbean,1968,2019,Not populist,2017-2019,7,2000,19
1249,El Salvador_Francisco Flores_1_1999_2004,El Salvador,Francisco Flores,Nationalist Republican Alliance,1,1,1,01-Jun-99,1999,01-Jun-04,2004,0,Latin America & Caribbean,Latin America & Caribbean,1999,2018,Not populist,1999-2004,1,1999,19
1265,El Salvador_Antonio Saca_1_2004_2009,El Salvador,Antonio Saca,Nationalist Republican Alliance,1,1,1,01-Jun-04,2004,01-Jun-09,2009,0.583333333,Latin America & Caribbean,Latin America & Caribbean,1999,2018,Somewhat populist,2004-2009,2,1999,19
1281,El Salvador_Mauricio Funes_1_2009_2014,El Salvador,Mauricio Funes,Farabundo Marti National Liberational Front,-1,1,1,01-Jun-09,2009,01-Jun-14,2014,0.625,Latin America & Caribbean,Latin America & Caribbean,1999,2018,Somewhat populist,2009-2014,3,1999,19
1297,El Salvador_Salvador SÃ¡nchez CerÃ©n_1_2014_2018,El Salvador,Salvador SÃ¡nchez CerÃ©n,Farabundo Marti National Liberational Front,-1,1,1,01-Jun-14,2014,01-Jun-18,2018,0.625,Latin America & Caribbean,Latin America & Caribbean,1999,2018,Somewhat populist,2014-2018,4,1999,19
1313,France_Jacques Chirac_2_2002_2007,France,Jacques Chirac,Union for a Popular Movement,1,1,2,16-May-02,2002,16-May-07,2007,0.05,Europe & Central Asia,Western Europe,2002,2018,Not populist,2002-2007,1,2002,16
1329,France_Nicolas Sarkozy_1_2007_2012,France,Nicolas Sarkozy,Union for a Popular Movement,1,1,1,16-May-07,2007,15-May-12,2012,0.2,Europe & Central Asia,Western Europe,2002,2018,Not populist,2007-2012,2,2002,16
1345,France_Francois Hollande_1_2012_2017,France,Francois Hollande,Socialist Party,-1,1,1,15-May-12,2012,14-May-17,2017,0.1375,Europe & Central Asia,Western Europe,2002,2018,Not populist,2012-2017,3,2002,16
1361,France_Emmanuel Macron_1_2017_2018,France,Emmanuel Macron,Forward Republic,0,1,1,14-May-17,2017,,2018,0.15,Europe & Central Asia,Western Europe,2002,2018,Not populist,2017-2018,4,2002,16
1377,Germany_Gerhard Schroeder_1_1998_2005,Germany,Gerhard Schroeder,Social Democrat Party,-1,0,1,27-Oct-98,1998,22-Nov-05,2005,0,Europe & Central Asia,Western Europe,1998,2018,Not populist,1998-2005,1,1998,20
1393,Germany_Angela Merkel_1_2006_2009,Germany,Angela Merkel,Christian Democratic Union,0,0,1,22-Nov-05,2006,28-Oct-09,2009,0,Europe & Central Asia,Western Europe,1998,2018,Not populist,2006-2009,2,1998,20
1409,Germany_Angela Merkel_2_2009_2013,Germany,Angela Merkel,Christian Democratic Union,0,0,2,28-Oct-09,2009,17-Dec-13,2013,0.05,Europe & Central Asia,Western Europe,1998,2018,Not populist,2009-2013,3,1998,20
1425,Germany_Angela Merkel_3_2013_2018,Germany,Angela Merkel,Christian Democratic Union,0,0,3,17-Dec-13,2013,09-May-18,2018,0.0375,Europe & Central Asia,Western Europe,1998,2018,Not populist,2013-2018,4,1998,20
1441,Guatemala_Ã“scar Berger_1_2004_2007,Guatemala,Ã“scar Berger,National Solidarity Party,1,1,1,14-Jan-04,2004,14-Jan-08,2007,0,Latin America & Caribbean,Latin America & Caribbean,2004,2019,Not populist,2004-2007,1,2004,15
1457,Guatemala_Ãlvaro Colom Caballero_1_2008_2011,Guatemala,Ãlvaro Colom Caballero,National Unity of Hope,0,1,1,14-Jan-08,2008,14-Jan-12,2011,0.125,Latin America & Caribbean,Latin America & Caribbean,2004,2019,Not populist,2008-2011,2,2004,15
1473,Guatemala_Otto PÃ©rez Molina_1_2012_2015,Guatemala,Otto PÃ©rez Molina,Patriotic Party,1,1,1,14-Jan-12,2012,02-Sep-15,2015,0.2833333333,Latin America & Caribbean,Latin America & Caribbean,2004,2019,NA,2012-2015,3,2004,15
1489,Guatemala_Jimmy Morales_1_2016_NA,Guatemala,Jimmy Morales,National Convergence Front,1,1,1,14-Jan-16,2016,present,2019,0.06666666667,Latin America & Caribbean,Latin America & Caribbean,2004,2019,NA,2016-2019,4,2004,15
1505,Honduras_Carlos Flores_1_1998_2002,Honduras,Carlos Flores,Liberal Party of Honduras,1,1,1,27-Jan-98,1998,27-Jan-02,2002,0.05,Latin America & Caribbean,Latin America & Caribbean,1998,2019,Not populist,1998-2002,1,1998,21
1521,Honduras_Ricardo Maduro_1_2002_2005,Honduras,Ricardo Maduro,National Party,0,1,1,27-Jan-02,2002,27-Jan-06,2005,0,Latin America & Caribbean,Latin America & Caribbean,1998,2019,Not populist,2002-2005,2,1998,21
1537,Honduras_Manuel Zelaya_1_2006_2009,Honduras,Manuel Zelaya,Liberal Party of Honduras,-1,1,1,27-Jan-06,2006,28-Jun-09,2009,0.5,Latin America & Caribbean,Latin America & Caribbean,1998,2019,Somewhat populist,2006-2009,3,1998,21
1553,Honduras_Porfirio Lobo Sosa_1_2010_2013,Honduras,Porfirio Lobo Sosa,National Party,0,1,1,27-Jan-10,2010,27-Jan-14,2013,0.333333333,Latin America & Caribbean,Latin America & Caribbean,1998,2019,Not populist,2010-2013,4,1998,21
1569,Honduras_Juan Orlando HernÃ¡ndez_1_2014_NA,Honduras,Juan Orlando HernÃ¡ndez,National Party,0,1,1,27-Jan-14,2014,,2019,0.4625,Latin America & Caribbean,Latin America & Caribbean,1998,2019,Not populist,2014-2019,5,1998,21
1585,Hungary_Viktor Orban_1_1998_2002,Hungary,Viktor Orban,The Fidesz - Hungarian Civic Alliance,1,0,1,06-Jul-98,1998,27-May-02,2002,0.375,Europe & Central Asia,Central and Eastern Europe,1994,2018,Not populist,1998-2002,1,1998,20
1601,Hungary_Ferenc Gyurcsany_1_2004_2009,Hungary,Ferenc Gyurcsany,Hungarian Socialist Party,-1,0,1,29-Sep-04,2004,14-Apr-09,2009,0,Europe & Central Asia,Central and Eastern Europe,1994,2018,Not populist,2004-2009,2,1998,20
1617,Hungary_Viktor Orban_2_2010_2014,Hungary,Viktor Orban,The Fidesz - Hungarian Civic Alliance,1,0,2,29-May-10,2010,07-May-14,2014,0.875,Europe & Central Asia,Central and Eastern Europe,1994,2018,Somewhat populist,2010-2014,3,1998,20
1633,Hungary_Viktor Orban_3_2014_2018,Hungary,Viktor Orban,The Fidesz - Hungarian Civic Alliance,1,0,3,07-May-14,2014,10-May-18,2018,0.833333333,Europe & Central Asia,Central and Eastern Europe,1994,2018,Somewhat populist,2014-2018,4,1998,20
1649,India_Atal Bihari Vajpayee_3_1999_2004,India,Atal Bihari Vajpayee,Bharatiya Janata Party,1,0,3,19-Mar-98,1999,22-May-04,2004,0.0375,South Asia,South Asia,1999,2019,Not populist,1999-2004,1,1999,20
1665,India_Manmohan Singh_1_2004_2009,India,Manmohan Singh,Indian National Congress,0,0,1,22-May-04,2004,20-May-09,2009,0,South Asia,South Asia,1999,2019,Not populist,2004-2009,2,1999,20
1681,India_Manmohan Singh_2_2009_2014,India,Manmohan Singh,Indian National Congress,0,0,2,20-May-09,2009,26-May-14,2014,0,South Asia,South Asia,1999,2019,Not populist,2009-2014,3,1999,20
1697,India_Narendra Modi_1_2014_NA,India,Narendra Modi,Bharatiya Janata Party,1,0,1,26-May-14,2014,,2019,0.55,South Asia,South Asia,1999,2019,Somewhat populist,2014-2019,4,1999,20
1713,Italy_Silvio Berlusconi_1_2001_2006,Italy,Silvio Berlusconi,Forward Italy,1,0,1,11-Jun-01,2001,17-May-06,2006,0.75,Europe & Central Asia,Western Europe,2001,2019,Somewhat populist,2001-2006,1,2001,18
1729,Italy_Romano Prodi_2_2006_2008,Italy,Romano Prodi,Democratic Party,-1,0,2,17-May-06,2006,08-May-08,2008,0.075,Europe & Central Asia,Western Europe,2001,2019,Not populist,2006-2008,2,2001,18
1745,Italy_Silvio Berlusconi_2_2008_2011,Italy,Silvio Berlusconi,Forward Italy,1,0,2,08-May-08,2008,16-Nov-11,2011,0.875,Europe & Central Asia,Western Europe,2001,2019,Somewhat populist,2008-2011,3,2001,18
1761,Italy_Matteo Renzi_1_2014_2016,Italy,Matteo Renzi,Democratic Party,-1,0,1,22-Feb-14,2014,12-Dec-16,2016,0.0375,Europe & Central Asia,Western Europe,2001,2019,Not populist,2014-2016,4,2001,18
1777,Italy_Giuseppe Conte_1_2018_NA,Italy,Giuseppe Conte,Independent,0,0,1,01-Jun-18,2018,,2019,0.6875,Europe & Central Asia,Western Europe,2001,2019,Somewhat populist,2018-2019,5,2001,18
1793,Latvia_Einars RepÅ¡e_1_2002_2004,Latvia,Einars RepÅ¡e,The New Era Party,1,0,1,07-Nov-02,2002,09-Mar-04,2004,0.5,Europe & Central Asia,Central and Eastern Europe,2002,2018,Somewhat populist,2002-2004,1,2002,16
1809,Latvia_Aigars Kalvitis_1_2004_2007,Latvia,Aigars Kalvitis,The People's Party,1,0,1,02-Dec-04,2004,20-Dec-07,2007,0.5,Europe & Central Asia,Central and Eastern Europe,2002,2018,Somewhat populist,2004-2007,2,2002,16
1825,Latvia_Valdis Dombrovskis_1_2009_2014,Latvia,Valdis Dombrovskis,The New Era Party/Unity,1,0,1,12-Mar-09,2009,22-Jan-14,2014,0,Europe & Central Asia,Central and Eastern Europe,2002,2018,Not populist,2009-2014,3,2002,16
1841,Latvia_Laimdota Straujuma_1_2014_2016,Latvia,Laimdota Straujuma,Unity,1,0,1,22-Jan-14,2014,11-Feb-16,2016,0,Europe & Central Asia,Central and Eastern Europe,2002,2018,Not populist,2014-2016,4,2002,16
1857,Latvia_Maris Kucinskis_1_2016_2018,Latvia,Maris Kucinskis,LiepÄja Party,1,0,1,11-Feb-16,2016,6-Oct-2018,2018,0,Europe & Central Asia,Central and Eastern Europe,2002,2018,Not populist,2016-2018,5,2002,16
1873,Mexico_Vicente Fox_1_2001_2006,Mexico,Vicente Fox,National Action Party,1,1,1,01-Dec-00,2001,30-Nov-06,2006,0.25,Latin America & Caribbean,Latin America & Caribbean,1935,2018,Not populist,2001-2006,1,2001,17
1889,Mexico_Felipe CalderÃ³n_1_2007_2012,Mexico,Felipe CalderÃ³n,National Action Party,1,1,1,01-Dec-06,2007,30-Nov-12,2012,0.125,Latin America & Caribbean,Latin America & Caribbean,1935,2018,Not populist,2007-2012,2,2001,17
1905,Mexico_Enrique PeÃ±a Nieto_1_2013_2018,Mexico,Enrique PeÃ±a Nieto,Institutional Revolutionary Party,0,1,1,01-Dec-12,2013,30-Nov-18,2018,0,Latin America & Caribbean,Latin America & Caribbean,1935,2018,Not populist,2013-2018,3,2001,17
1921,Moldova_Vladimir Voronin_1_2001_2009,Moldova,Vladimir Voronin,Party of Communists of the Republic of Moldova,-1,1,1,07-Apr-01,2001,11-Sep-09,2009,1,Europe & Central Asia,Central and Eastern Europe,2001,2018,Populist,2001-2009,1,2001,17
1953,Moldova_Marian Lupu_1_2010_2012,Moldova,Marian Lupu,Democratic Party of Moldova,-1,1,1,30-Dec-10,2010,23-Mar-12,2012,0.125,Europe & Central Asia,Central and Eastern Europe,2001,2018,Not populist,2010-2012,2,2001,17
1969,Moldova_Nicolae Timofti_1_2012_2016,Moldova,Nicolae Timofti,Independent,0,1,1,23-Mar-12,2012,23-Dec-16,2016,0.0375,Europe & Central Asia,Central and Eastern Europe,2001,2018,Not populist,2012-2016,3,2001,17
2001,Netherlands_Jan Peter Balkenende_1_2002_2006,Netherlands,Jan Peter Balkenende,Christian Democratic Appeal,0,0,1,22-Jul-02,2002,30-Nov-06,2006,0.133333333,Europe & Central Asia,Western Europe,2002,2017,Not populist,2002-2006,1,2002,15
2017,Netherlands_Jan Peter Balkenende_2_2006_2010,Netherlands,Jan Peter Balkenende,Christian Democratic Appeal,0,0,2,30-Nov-06,2006,14-Oct-10,2010,0.25,Europe & Central Asia,Western Europe,2002,2017,Not populist,2006-2010,2,2002,15
2033,Netherlands_Mark Rutte_1_2010_2012,Netherlands,Mark Rutte,People's Party for Freedom and Democracy,1,0,1,14-Oct-10,2010,05-Nov-12,2012,0.325,Europe & Central Asia,Western Europe,2002,2017,Not populist,2010-2012,3,2002,15
2049,Netherlands_Mark Rutte_2_2012_2017,Netherlands,Mark Rutte,People's Party for Freedom and Democracy,1,0,2,05-Nov-12,2012,26-Oct-17,2017,0.2,Europe & Central Asia,Western Europe,2002,2017,Not populist,2012-2017,4,2002,15
2065,Nicaragua_Enrique BolaÃ±os_1_2002_2006,Nicaragua,Enrique BolaÃ±os,Constitutionalist Liberal Party,1,1,1,10-Jan-02,2002,10-Jan-07,2006,0,Latin America & Caribbean,Latin America & Caribbean,2002,2019,Not populist,2002-2006,1,2002,17
2081,Nicaragua_Daniel Ortega_1_2008_2011,Nicaragua,Daniel Ortega,Sandinista National Liberation Front,0,1,1,10-Jan-07,2008,10-Jan-12,2011,1.25,Latin America & Caribbean,Latin America & Caribbean,2002,2019,Populist,2008-2011,2,2002,17
2097,Nicaragua_Daniel Ortega_2_2012_2015,Nicaragua,Daniel Ortega,Sandinista National Liberation Front,0,1,2,10-Jan-12,2012,10-Jan-15,2015,1,Latin America & Caribbean,Latin America & Caribbean,2002,2019,Populist,2012-2015,3,2002,17
2113,Nicaragua_Daniel Ortega_3_2016_NA,Nicaragua,Daniel Ortega,Sandinista National Liberation Front,0,1,3,10-Jan-15,2016,,2019,0.85,Latin America & Caribbean,Latin America & Caribbean,2002,2019,Somewhat populist,2016-2019,4,2002,17
2129,Norway_Kjell Magne Bondevik_2_2001_2005,Norway,Kjell Magne Bondevik,Christian Peoples Party,0,0,2,19-Oct-01,2001,17-Oct-05,2005,0.1,Europe & Central Asia,Western Europe,2001,2017,Not populist,2001-2005,1,2001,16
2145,Norway_Jens Stoltenberg_2_2005_2009,Norway,Jens Stoltenberg,Labour Party,-1,0,2,17-Oct-05,2005,14-Sep-09,2009,0.166666667,Europe & Central Asia,Western Europe,2001,2017,Not populist,2005-2009,2,2001,16
2161,Norway_Jens Stoltenberg_3_2009_2013,Norway,Jens Stoltenberg,Labour Party,-1,0,3,14-Sep-09,2009,16-Oct-13,2013,0.2125,Europe & Central Asia,Western Europe,2001,2017,Not populist,2009-2013,3,2001,16
2177,Norway_Erna Solberg_1_2013_2017,Norway,Erna Solberg,Conservative Party,1,0,1,16-Oct-13,2013,12-Sep-17,2017,0.0875,Europe & Central Asia,Western Europe,2001,2017,Not populist,2013-2017,4,2001,16
2193,Panama_MartÃ­n Torrijos_1_2004_2009,Panama,MartÃ­n Torrijos,Democratic Revolutionary Party,0,1,1,,2004,,2009,0.222222222,Latin America & Caribbean,Latin America & Caribbean,2004,2019,Not populist,2004-2009,1,2004,15
2209,Panama_Ricardo Martinelli_1_2009_2014,Panama,Ricardo Martinelli,Democratic Change,1,1,1,,2009,,2014,0.5,Latin America & Caribbean,Latin America & Caribbean,2004,2019,Somewhat populist,2009-2014,2,2004,15
2225,Panama_Juan Carlos Varela_1_2014_NA,Panama,Juan Carlos Varela,PanameÃ±ista Party,1,1,1,,2014,,2019,0.25,Latin America & Caribbean,Latin America & Caribbean,2004,2019,Not populist,2014-2019,3,2004,15
2241,Paraguay_Nicanor Duarte_1_2003_2008,Paraguay,Nicanor Duarte,The National Republican Association - Colorado Party,0,1,1,,2003,,2008,0.5,Latin America & Caribbean,Latin America & Caribbean,2003,2018,Somewhat populist,2003-2008,1,2003,15
2257,Paraguay_Fernando Lugo_1_2008_2012,Paraguay,Fernando Lugo,Patriotic Alliance for Change,-1,1,1,,2008,,2012,0,Latin America & Caribbean,Latin America & Caribbean,2003,2018,Not populist,2008-2012,2,2003,15
2273,Paraguay_Federico Franco_1_2012_2013,Paraguay,Federico Franco,The Authentic Radical Liberal Party,1,1,1,,2012,,2013,0,Latin America & Caribbean,Latin America & Caribbean,2003,2018,Not populist,2012-2013,3,2003,15
2289,Paraguay_Horacio Cartes_1_2013_2018,Paraguay,Horacio Cartes,The National Republican Association - Colorado Party,0,1,1,,2013,,2018,0.2375,Latin America & Caribbean,Latin America & Caribbean,2003,2018,Not populist,2013-2018,4,2003,15
2305,Peru_Alejandro Toledo_1_2001_2006,Peru,Alejandro Toledo,Possible Peru,0,1,1,,2001,,2006,0.333333333,Latin America & Caribbean,Latin America & Caribbean,2001,2018,Not populist,2001-2006,1,2001,17
2321,Peru_Alan GarcÃ­a_1_2006_2011,Peru,Alan GarcÃ­a,Alianza Popular Revolucionario de las Americas,0,1,1,,2006,,2011,1,Latin America & Caribbean,Latin America & Caribbean,2001,2018,Populist,2006-2011,2,2001,17
2337,Peru_Ollanta Humala_1_2011_2016,Peru,Ollanta Humala,Peruvian Nationalist Party,-1,1,1,28-Jul-11,2011,28-Jul-16,2016,0.633333333,Latin America & Caribbean,Latin America & Caribbean,2001,2018,Somewhat populist,2011-2016,3,2001,17
2353,Peru_Pedro Pablo Kuczynski_1_2016_2018,Peru,Pedro Pablo Kuczynski,Peruvians for Change,0,1,1,,2016,,2018,0.0375,Latin America & Caribbean,Latin America & Caribbean,2001,2018,Not populist,2016-2018,4,2001,17
2385,Poland_Leszek Miller_1_2001_2004,Poland,Leszek Miller,Democratic Left Alliance,-1,0,1,,2001,,2004,0.175,Europe & Central Asia,Central and Eastern Europe,2001,2018,Not populist,2001-2004,1,2001,17
2417,Poland_Jaroslaw Kaczynski_1_2006_2007,Poland,Jaroslaw Kaczynski,Law and Justice,1,0,1,,2006,,2007,0.25,Europe & Central Asia,Central and Eastern Europe,2001,2018,Not populist,2006-2007,2,2001,17
2449,Poland_Donald Tusk_1_2011_2014,Poland,Donald Tusk,Civic Platform,1,0,1,,2011,,2014,0,Europe & Central Asia,Central and Eastern Europe,2001,2018,Not populist,2011-2014,3,2001,17
2481,Poland_Beate Szydlo_1_2015_2017,Poland,Beate Szydlo,Law and Justice,1,0,1,,2015,,2017,0.8625,Europe & Central Asia,Central and Eastern Europe,2001,2018,Somewhat populist,2015-2017,4,2001,17
2497,Romania_Adrian NÄƒstase_1_2001_2004,Romania,Adrian NÄƒstase,Social Democratic Party,-1,0,1,,2001,,2004,0.325,Europe & Central Asia,Central and Eastern Europe,2001,2018,Not populist,2001-2004,1,2001,15
2529,Romania_CÄƒlin Popescu-TÄƒriceanu_1_2004_2008,Romania,CÄƒlin Popescu-TÄƒriceanu,National Liberal Party,1,0,1,,2004,,2008,0.375,Europe & Central Asia,Central and Eastern Europe,2001,2018,Not populist,2004-2008,2,2001,15
2561,Romania_Emil Boc_1_2008_2012,Romania,Emil Boc,National Liberal Party,1,0,1,,2008,,2012,0.25,Europe & Central Asia,Central and Eastern Europe,2001,2018,Not populist,2008-2012,3,2001,15
2593,Romania_Viktor Ponta_1_2012_2015,Romania,Viktor Ponta,Social Democrat Party,-1,0,1,,2012,,2015,0.375,Europe & Central Asia,Central and Eastern Europe,2001,2018,Not populist,2012-2015,4,2001,15
2625,Romania_Dacian CioloÈ™_1_2015_2016,Romania,Dacian CioloÈ™,Independent,0,0,1,,2015,,2016,0.3,Europe & Central Asia,Central and Eastern Europe,2001,2018,Not populist,2015-2016,5,2001,15
2641,Russia_Vladimir Putin_1_1999_2004,Russia,Vladimir Putin,United Russia,0,1,1,,1999,,2004,0.05,Europe & Central Asia,Central and Eastern Europe,1999,2018,Not populist,1999-2004,1,1999,19
2657,Russia_Vladimir Putin_2_2004_2008,Russia,Vladimir Putin,United Russia,0,1,2,,2004,,2008,0.025,Europe & Central Asia,Central and Eastern Europe,1999,2018,Not populist,2004-2008,2,1999,19
2689,Russia_Vladimir Putin_3_2008_2012,Russia,Vladimir Putin,United Russia,0,0,3,,2008,,2012,0.5,Europe & Central Asia,Central and Eastern Europe,1999,2018,Somewhat populist,2008-2012,3,1999,19
2705,Russia_Vladimir Putin_4_2012_2018,Russia,Vladimir Putin,United Russia,0,0,4,,2012,,2018,0.5,Europe & Central Asia,Central and Eastern Europe,1999,2018,Somewhat populist,2012-2018,4,1999,19
2801,Slovakia_MikulÃ¡Å¡ Dzurinda_1_1998_2002,Slovakia,MikulÃ¡Å¡ Dzurinda,Slovak Democratic and Christian Union,1,0,1,,1998,,2002,0.25,Europe & Central Asia,Central and Eastern Europe,1994,2018,Not populist,1998-2002,1,1998,20
2817,Slovakia_MikulÃ¡Å¡ Dzurinda_2_2002_2006,Slovakia,MikulÃ¡Å¡ Dzurinda,Slovak Democratic and Christian Union,1,0,2,,2002,,2006,0.375,Europe & Central Asia,Central and Eastern Europe,1994,2018,Not populist,2002-2006,2,1998,20
2833,Slovakia_Robert Fico_1_2006_2010,Slovakia,Robert Fico,Direction - Social Democracy,-1,0,1,,2006,,2010,0.75,Europe & Central Asia,Central and Eastern Europe,1994,2018,Somewhat populist,2006-2010,3,1998,20
2849,Slovakia_Robert Fico_2_2012_2016,Slovakia,Robert Fico,Direction - Social Democracy,-1,0,2,,2012,,2016,0.1,Europe & Central Asia,Central and Eastern Europe,1994,2018,Not populist,2012-2016,4,1998,20
2865,Slovakia_Robert Fico_3_2016_2018,Slovakia,Robert Fico,Direction - Social Democracy,-1,0,3,,2016,,2018,0.0625,Europe & Central Asia,Central and Eastern Europe,1994,2018,Not populist,2016-2018,5,1998,20
2881,Spain_JosÃ© MarÃ­a Aznar_2_2000_2004,Spain,JosÃ© MarÃ­a Aznar,Spanish Socialist Workers' Party,-1,0,2,,2000,,2004,0.05,Europe & Central Asia,Western Europe,1996,2018,Not populist,2000-2004,1,2000,18
2897,Spain_JosÃ© Luis RodrÃ­guez Zapatero_1_2004_2008,Spain,JosÃ© Luis RodrÃ­guez Zapatero,Spanish Socialist Workers' Party,-1,0,1,,2004,,2008,0,Europe & Central Asia,Western Europe,1996,2018,Not populist,2004-2008,2,2000,18
2913,Spain_JosÃ© Luis RodrÃ­guez Zapatero_2_2008_2011,Spain,JosÃ© Luis RodrÃ­guez Zapatero,Spanish Socialist Workers' Party,-1,0,2,,2008,,2011,0.3625,Europe & Central Asia,Western Europe,1996,2018,Not populist,2008-2011,3,2000,18
2929,Spain_Mariano Rajoy_1_2012_2016,Spain,Mariano Rajoy,People's Party,1,0,1,,2012,,2016,0.0125,Europe & Central Asia,Western Europe,1996,2018,Not populist,2012-2016,4,2000,18
2945,Spain_Mariano Rajoy_2_2016_2018,Spain,Mariano Rajoy,People's Party,1,0,2,,2016,,2018,0.225,Europe & Central Asia,Western Europe,1996,2018,Not populist,2016-2018,5,2000,18
2961,Sweden_GÃ¶ran Persson_1_2002_2006,Sweden,GÃ¶ran Persson,Social Democratic Party,-1,0,1,,2002,,2006,0,Europe & Central Asia,Western Europe,2002,2019,Not populist,2002-2006,1,2002,17
2977,Sweden_Fredrik Reinfeldt_1_2006_2014,Sweden,Fredrik Reinfeldt,Moderate Party,1,0,1,,2006,,2014,0,Europe & Central Asia,Western Europe,2002,2019,Not populist,2006-2014,2,2002,17
2993,Sweden_Stefan LÃ¶fven_1_2014_NA,Sweden,Stefan LÃ¶fven,Social Democratic Party,-1,0,1,,2014,,2019,0.1,Europe & Central Asia,Western Europe,2002,2019,Not populist,2014-2019,3,2002,17
3009,Tajikistan_Emomali Rahmon_2_1999_2006,Tajikistan,Emomali Rahmon,People's Democratic Party of Tajikistan,0,1,2,,1999,,2006,1.233333333,Europe & Central Asia,Central Asia,1994,2018,Populist,1999-2006,1,1999,19
3025,Tajikistan_Emomali Rahmon_3_2006_2013,Tajikistan,Emomali Rahmon,People's Democratic Party of Tajikistan,0,1,3,,2006,,2013,0.266666667,Europe & Central Asia,Central Asia,1994,2018,Not populist,2006-2013,2,1999,19
3041,Tajikistan_Emomali Rahmon_4_2013_2018,Tajikistan,Emomali Rahmon,People's Democratic Party of Tajikistan,0,1,4,,2013,,2018,0.8,Europe & Central Asia,Central Asia,1994,2018,Somewhat populist,2013-2018,3,1999,19
3057,Turkey_Recep T. Erdogan_1_2003_2007,Turkey,Recep T. Erdogan,Justice and Development Party,1,0,1,,2003,,2007,0.125,Europe & Central Asia,Western Europe,2003,2018,Not populist,2003-2007,1,2003,15
3073,Turkey_Recep T. Erdogan_2_2007_2011,Turkey,Recep T. Erdogan,Justice and Development Party,1,0,2,,2007,,2011,0.875,Europe & Central Asia,Western Europe,2003,2018,Somewhat populist,2007-2011,2,2003,15
3089,Turkey_Recep T. Erdogan_3_2011_2014,Turkey,Recep T. Erdogan,Justice and Development Party,1,0,3,,2011,,2014,0.875,Europe & Central Asia,Western Europe,2003,2018,Somewhat populist,2011-2014,3,2003,15
3105,Turkey_Recep T. Erdogan_4_2014_2018,Turkey,Recep T. Erdogan,Justice and Development Party,1,1,4,,2014,,2018,1.466666667,Europe & Central Asia,Western Europe,2003,2018,Populist,2014-2018,4,2003,15
3121,UK_Tony Blair_2_2001_2005,UK,Tony Blair,Labour Party,-1,0,2,,2001,,2005,0.1,Europe & Central Asia,Western Europe,2001,2019,Not populist,2001-2005,1,2001,18
3137,UK_Tony Blair_3_2005_2007,UK,Tony Blair,Labour Party,-1,0,3,,2005,,2007,0.125,Europe & Central Asia,Western Europe,2001,2019,Not populist,2005-2007,2,2001,18
3153,UK_Gordon Brown_1_2007_2010,UK,Gordon Brown,Labour Party,-1,0,1,,2007,,2010,0.075,Europe & Central Asia,Western Europe,2001,2019,Not populist,2007-2010,3,2001,18
3169,UK_David Cameron_1_2010_2016,UK,David Cameron,Conservative Party,1,0,1,,2010,,2016,0.0125,Europe & Central Asia,Western Europe,2001,2019,Not populist,2010-2016,4,2001,18
3185,UK_Theresa May_1_2016_NA,UK,Theresa May,Conservative Party,1,0,1,,2016,,2019,0.4875,Europe & Central Asia,Western Europe,2001,2019,Not populist,2016-2019,5,2001,18
3201,Ukraine_Leonid Kuchma_2_1999_2005,Ukraine,Leonid Kuchma,Independent,0,1,2,,1999,,2005,NA,Europe & Central Asia,Central and Eastern Europe,1991,2018,NA,1999-2005,1,1999,19
3217,Ukraine_Viktor Yushchenko_1_2005_2009,Ukraine,Viktor Yushchenko,Our Ukraine-People's Self Defence Bloc,1,1,1,,2005,,2009,1.125,Europe & Central Asia,Central and Eastern Europe,1991,2018,Populist,2005-2009,2,1999,19
3249,Ukraine_Viktor Yanukovych_1_2010_2014,Ukraine,Viktor Yanukovych,Party of Regions,0,1,1,,2010,,2014,0.625,Europe & Central Asia,Central and Eastern Europe,1991,2018,Somewhat populist,2010-2014,3,1999,19
3265,Ukraine_Petro Poroshenko_1_2014_2018,Ukraine,Petro Poroshenko,"Petro Poroshenko Bloc ""Solidarity""",0,1,1,,2014,,2018,0.75,Europe & Central Asia,Central and Eastern Europe,1991,2018,Somewhat populist,2014-2018,4,1999,19
3297,United States_George W. Bush_1_2001_2005,United States,George W. Bush,Republican Party,1,1,1,,2001,,2005,0.2125,North America,North America,2001,2019,Not populist,2001-2005,1,2001,18
3313,United States_George W. Bush_2_2005_2009,United States,George W. Bush,Republican Party,1,1,2,,2005,,2009,0.1875,North America,North America,2001,2019,Not populist,2005-2009,2,2001,18
3329,United States_Barack Obama_1_2009_2013,United States,Barack Obama,Democratic Party,-1,1,1,,2009,,2013,0.15,North America,North America,2001,2019,Not populist,2009-2013,3,2001,18
3345,United States_Barack Obama_2_2013_2016,United States,Barack Obama,Democratic Party,-1,1,2,,2013,,2016,0.2875,North America,North America,2001,2019,Not populist,2013-2016,4,2001,18
3361,United States_Donald Trump_1_2017_NA,United States,Donald Trump,Republican Party,1,1,1,,2017,,2019,0.779166667,North America,North America,2001,2019,Somewhat populist,2017-2019,5,2001,18
3377,Uruguay_Jorge Batlle_1_2000_2004,Uruguay,Jorge Batlle,Colorado Party,1,1,1,,2000,,2004,0.216666667,Latin America & Caribbean,Latin America & Caribbean,2000,2019,Not populist,2000-2004,1,2000,19
3393,Uruguay_TabarÃ© VÃ¡squez_1_2005_2010,Uruguay,TabarÃ© VÃ¡squez,Broad Front,-1,1,1,,2005,,2010,0.25,Latin America & Caribbean,Latin America & Caribbean,2000,2019,Not populist,2005-2010,2,2000,19
3409,Uruguay_JosÃ© Mujica_1_2010_2015,Uruguay,JosÃ© Mujica,Broad Front,-1,1,1,,2010,,2015,0.125,Latin America & Caribbean,Latin America & Caribbean,2000,2019,Not populist,2010-2015,3,2000,19
3425,Uruguay_TabarÃ© VÃ¡zquez_2_2015_NA,Uruguay,TabarÃ© VÃ¡zquez,Broad Front,-1,1,2,,2015,,2019,0.2125,Latin America & Caribbean,Latin America & Caribbean,2000,2019,Not populist,2015-2019,4,2000,19
3441,Venezuela_Hugo ChÃ¡vez_1_1999_2006,Venezuela,Hugo ChÃ¡vez,The Fifth Republic Movement,-1,1,1,,1999,,2006,1.916666667,Latin America & Caribbean,Latin America & Caribbean,1999,2019,Very Populist,1999-2006,1,1999,20
3457,Venezuela_Hugo ChÃ¡vez_2_2007_2012,Venezuela,Hugo ChÃ¡vez,United Socialist Party of Venezuela,-1,1,2,,2007,,2012,1.75,Latin America & Caribbean,Latin America & Caribbean,1999,2019,Very Populist,2007-2012,2,1999,20
3473,Venezuela_Hugo ChÃ¡vez_3_2013_2013,Venezuela,Hugo ChÃ¡vez,United Socialist Party of Venezuela,-1,1,3,,2013,,2013,1.666666667,Latin America & Caribbean,Latin America & Caribbean,1999,2019,Very Populist,2013-2013,3,1999,20
3489,Venezuela_NicolÃ¡s Maduro_1_2013_NA,Venezuela,NicolÃ¡s Maduro,United Socialist Party of Venezuela,-1,1,1,,2013,,2019,1.6375,Latin America & Caribbean,Latin America & Caribbean,1999,2019,Very Populist,2013-2019,4,1999,20